{
  "Americas": {
    "precision": 0.0,
    "recall": 0.0,
    "f1-score": 0.0,
    "support": 1.0
  },
  "Asia": {
    "precision": 1.0,
    "recall": 0.5,
    "f1-score": 0.6666666666666666,
    "support": 2.0
  },
  "Europe": {
    "precision": 0.3333333333333333,
    "recall": 0.5,
    "f1-score": 0.4,
    "support": 2.0
  },
  "Middle East": {
    "precision": 0.0,
    "recall": 0.0,
    "f1-score": 0.0,
    "support": 1.0
  },
  "Other": {
    "precision": 1.0,
    "recall": 0.6666666666666666,
    "f1-score": 0.8,
    "support": 3.0
  },
  "accuracy": 0.4444444444444444,
  "macro avg": {
    "precision": 0.4666666666666666,
    "recall": 0.3333333333333333,
    "f1-score": 0.37333333333333335,
    "support": 9.0
  },
  "weighted avg": {
    "precision": 0.6296296296296295,
    "recall": 0.4444444444444444,
    "f1-score": 0.5037037037037037,
    "support": 9.0
  }
}