{
  "Q1'21": 0.19908802478713103,
  "Q3'22": 0.25530790181672425,
  "Q2'23": 0.14724265480475163,
  "Q3'23": 0.21696331196726398,
  "Q4'23": 0.18139810662412909
}