{
  "Q1'21": 0.0,
  "Q3'22": 0.30378348522507614,
  "Q2'23": 0.0,
  "Q3'23": 0.41452637392985336,
  "Q4'23": 0.2816901408450705
}