{
  "Americas": {
    "precision": 0.0,
    "recall": 0.0,
    "f1-score": 0.0,
    "support": 1.0
  },
  "Asia": {
    "precision": 0.0,
    "recall": 0.0,
    "f1-score": 0.0,
    "support": 2.0
  },
  "Europe": {
    "precision": 0.3333333333333333,
    "recall": 0.5,
    "f1-score": 0.4,
    "support": 2.0
  },
  "Middle East": {
    "precision": 0.0,
    "recall": 0.0,
    "f1-score": 0.0,
    "support": 1.0
  },
  "Other": {
    "precision": 0.5,
    "recall": 0.6666666666666666,
    "f1-score": 0.5714285714285714,
    "support": 3.0
  },
  "accuracy": 0.3333333333333333,
  "macro avg": {
    "precision": 0.16666666666666666,
    "recall": 0.2333333333333333,
    "f1-score": 0.19428571428571428,
    "support": 9.0
  },
  "weighted avg": {
    "precision": 0.24074074074074073,
    "recall": 0.3333333333333333,
    "f1-score": 0.27936507936507937,
    "support": 9.0
  }
}