{
  "Q1'20": 0.06661983171072106,
  "Q2'20": 0.09310514871871613,
  "Q3'20": 0.055510336647698943,
  "Q4'20": 0.063410629752205,
  "Q1'21": 0.0543117881625853,
  "Q2'21": 0.06981852122430307,
  "Q3'21": 0.05176035334765026,
  "Q4'21": 0.05521696581077553,
  "Q1'22": 0.05887696082814973,
  "Q2'22": 0.05324468040993938,
  "Q3'22": 0.08708106151943668,
  "Q4'22": 0.045049628249106494,
  "Q1'23": 0.05440368115404049,
  "Q2'23": 0.05740593488410477,
  "Q3'23": 0.07596378632115525,
  "Q4'23": 0.058220691259411914
}