{
  "Q1'21": 0.006625413622912756,
  "Q3'22": 0.0070616426529690355,
  "Q2'23": 0.00687552676085241,
  "Q3'23": 0.006529981080606342,
  "Q4'23": 0.006339863102500173
}