{
  "Q1'21": 0.031107744808464555,
  "Q3'21": 0.030257181164078727,
  "Q4'21": 0.025480440941598976,
  "Q3'22": 0.03419543824154768,
  "Q4'22": 0.031249614867845315,
  "Q2'23": 0.032273717788892424,
  "Q3'23": 0.02889287479465668,
  "Q4'23": 0.026717266567015417
}