{
  "Q1'20": 0.12137467526092838,
  "Q2'20": 0.0,
  "Q3'20": 0.0,
  "Q4'20": 0.14619037299920087,
  "Q1'21": 0.24715665919435706,
  "Q2'21": 0.0,
  "Q3'21": 0.06984109306986382,
  "Q4'21": 0.0,
  "Q1'22": 0.0,
  "Q2'22": 0.0,
  "Q3'22": 0.14842809607612553,
  "Q4'22": 0.0,
  "Q1'23": 0.0,
  "Q2'23": 0.1484280960761255,
  "Q3'23": 0.05929050366169944,
  "Q4'23": 0.05929050366169944
}