{
  "Q1'20": 0.0357615145593517,
  "Q2'20": 0.0023745738742232732,
  "Q3'20": 0.008480211370732075,
  "Q4'20": 0.017726855189884247,
  "Q1'21": 0.024839503203096764,
  "Q2'21": 0.024129552939837526,
  "Q3'21": 0.023850053438120352,
  "Q4'21": 0.01920657001639841,
  "Q1'22": 0.027214058540739935,
  "Q2'22": 0.03089796479265296,
  "Q3'22": 0.02776255267033814,
  "Q4'22": 0.024668757557070486,
  "Q1'23": 0.022477598787386754,
  "Q2'23": 0.025874777880528263,
  "Q3'23": 0.023063211065047,
  "Q4'23": 0.02066791588362682
}