{
  "Americas": {
    "precision": 0.0,
    "recall": 0.0,
    "f1-score": 0.0,
    "support": 1.0
  },
  "Asia": {
    "precision": 0.0,
    "recall": 0.0,
    "f1-score": 0.0,
    "support": 2.0
  },
  "Europe": {
    "precision": 0.0,
    "recall": 0.0,
    "f1-score": 0.0,
    "support": 2.0
  },
  "Middle East": {
    "precision": 0.0,
    "recall": 0.0,
    "f1-score": 0.0,
    "support": 1.0
  },
  "Other": {
    "precision": 0.25,
    "recall": 0.6666666666666666,
    "f1-score": 0.36363636363636365,
    "support": 3.0
  },
  "accuracy": 0.2222222222222222,
  "macro avg": {
    "precision": 0.05,
    "recall": 0.13333333333333333,
    "f1-score": 0.07272727272727272,
    "support": 9.0
  },
  "weighted avg": {
    "precision": 0.08333333333333333,
    "recall": 0.2222222222222222,
    "f1-score": 0.1212121212121212,
    "support": 9.0
  }
}