{
  "Americas": {
    "precision": 0.0,
    "recall": 0.0,
    "f1-score": 0.0,
    "support": 1.0
  },
  "Asia": {
    "precision": 0.0,
    "recall": 0.0,
    "f1-score": 0.0,
    "support": 2.0
  },
  "Europe": {
    "precision": 0.3333333333333333,
    "recall": 0.5,
    "f1-score": 0.4,
    "support": 2.0
  },
  "Middle East": {
    "precision": 0.0,
    "recall": 0.0,
    "f1-score": 0.0,
    "support": 1.0
  },
  "Other": {
    "precision": 0.6666666666666666,
    "recall": 0.6666666666666666,
    "f1-score": 0.6666666666666666,
    "support": 3.0
  },
  "accuracy": 0.3333333333333333,
  "macro avg": {
    "precision": 0.2,
    "recall": 0.2333333333333333,
    "f1-score": 0.21333333333333332,
    "support": 9.0
  },
  "weighted avg": {
    "precision": 0.2962962962962963,
    "recall": 0.3333333333333333,
    "f1-score": 0.3111111111111111,
    "support": 9.0
  }
}