{
  "Q1'21": 0.06588235294117648,
  "Q3'21": 0.20721453287197242,
  "Q4'21": 0.14558823529411763,
  "Q3'22": 0.21219723183390993,
  "Q4'22": 0.09529411764705885,
  "Q2'23": 0.18117647058823527,
  "Q3'23": 0.0926470588235294,
  "Q4'23": 0.0
}