{
  "Q1'21": 0.1437368036035557,
  "Q3'21": 0.15672600475923082,
  "Q4'21": 0.12484848783530661,
  "Q3'22": 0.13115732551132314,
  "Q4'22": 0.09474784280761753,
  "Q2'23": 0.1139226496380394,
  "Q3'23": 0.12769113343625732,
  "Q4'23": 0.10716975240866955
}